<?xml version="1.0"?>
<data>
    <cam name="CANON 6D">
        <s_width>35.8</s_width>
        <s_height>23.9</s_height>
        <x>5472</x>
        <y>3648</y>
    </cam>
    <cam name="CANON 70D">
        <s_width>22.3</s_width>
        <s_height>15.0</s_height>
        <x>5472</x>
        <y>3648</y>
    </cam>
    <cam name="NIKON D3200">
        <s_width>23.2</s_width>
        <s_height>15.4</s_height>
        <x>4512</x>
        <y>3000</y>
    </cam>
    <cam name="GoPro4">
        <s_width>6.17</s_width>
        <s_height>4.55</s_height>
        <x>3840</x>
        <y>2160</y>
    </cam>
    <cam name="GoPro5 Black">
        <s_width>6.2</s_width>
        <s_height>4.5</s_height>
        <x>2704</x>
        <y>1520</y>
    </cam>
    <cam name="ILCE-7M3">
        <s_width>37.66</s_width>
        <s_height>21.22</s_height>
        <x>3936</x>
        <y>2216</y>
    </cam>
    <cam name="ILCE-7M3crop">
        <s_width>37.66</s_width>
        <s_height>21.22</s_height>
        <x>3008</x>
        <y>1688</y>
    </cam>
</data>
